"url","from_request_id","to_request_id","from_last_modified","to_last_modified","added","removed","note"
"https://edge.tokowaka.now/products/sactionals-deep-side-insert-standard","a5dc0a45-e4df-4bdb-b98b-835fa69dd293","0e86fb7a-0e22-4d56-8bf4-8d46332294ee","Tue, 06 Jan 2026 11:40:19 GMT","Fri, 09 Jan 2026 00:00:12 GMT",,,"Missing HTML for from_request_id"
"https://edge.tokowaka.now/products/sactionals-deep-side-insert-standard","0e86fb7a-0e22-4d56-8bf4-8d46332294ee","55898e72-ad27-4d91-821a-f7b2fdee2025","Fri, 09 Jan 2026 00:00:12 GMT","Sat, 10 Jan 2026 05:30:16 GMT","[683 words]\n198.75\n---\n198.75\n---\n5317\n---\n126\n---\n126\n---\nsrc\n---\npdpone\n---\nsyfpos\n---\nmpp\n---\nenv-config\n---\n8px\n---\n16px\n---\n48px\n---\n0px 24px\n---\n42px\n---\n14px\n---\n4px 16px\n---\n60px\n---\n20px\n---\n8px 36px\n... (+663 more)","[754 words]\n159\n---\n159\n---\n5354\n---\n127\n---\n127\n---\nlink rel=\""modulepreload\"" as=\""\n---\n\"" crossorigin\n---\n\"" href=\""\n---\nwww\n---\nlovesac\n---\nassets\n---\nblocks/reviews\n---\nlink rel=\""modulepreload\"" as=\""script\"" crossorigin=\""\"" href=\""https:\n---\n/www.lovesac.com/assets/Reviews.js\""><link rel=\""stylesheet\"" crossorigin=\""\"" href=\""https://www.lovesac.com/assets/Reviews.css\""><link rel=\""stylesheet\"" crossorigin=\""\"" href=\""https://www.lovesac....\n---\n\"" crossorigin=\""\"" href=\""https://www.lovesac.com/assets/enhancements.js\""\n---\nlink rel=\""stylesheet\"" crossorigin=\""\"" href=\""https://www.lovesac.com/assets/enhancements.css\""><\n---\n.5rem\n---\n1rem\n---\n3rem\n---\n0 1.5rem\n... (-734 more)",
"https://edge.tokowaka.now/products/sactionals-deep-side-insert-standard","55898e72-ad27-4d91-821a-f7b2fdee2025","ac1ac7fa-cefd-49e7-9d44-f6df97c0601b","Sat, 10 Jan 2026 05:30:16 GMT","Tue, 13 Jan 2026 16:20:12 GMT","[56 words]\nlink rel=\""modulepreload\"" as=\""\n---\n\"" crossorigin=\""\"" href=\""https://www.lovesac.com/assets/blocks/reviews.js\""><link rel=\""modulepreload\"" as=\""script\"" crossorigin=\""\"" href=\""https://www.lovesac.com/assets/Reviews.js\""><link rel=\""...\n---\nrel=\""stylesheet\"" href=\""https://use.typekit.net/pee8cij.css\""><script async=\""\"" src=\""https://www.lovesac.com/pt/c/lovesac/start\""></script><link\n---\nhttps://t\n---\nme\n---\nRussia_Vs_Ukraine_War3\n---\nuselnk\n---\n/\n---\nna\n---\n^\n---\nmrskin\n---\naccount\n---\n],\n---\nn[\n---\n*\n---\npostlnk\n---\n],\n---\nn[\n---\n*\n---\npasstechusa\n... (+36 more)","[68 words]\n*\n---\nuselnk\n---\ncom\n---\npostlnk\n---\nn\n---\n*\n---\npasstechusa.com\""] { display: none !important; }</style><link rel=\""modulepreload\"" as=\""script\"" crossorigin=\""\"" href=\""\n---\nlovesac\n---\nassets\n---\nblocks/reviews.js\n---\n><link rel=\n---\n""modulepreload\"" as=\""script\"" crossorigin=\""\""\n---\nhttps://www\n---\nlovesac.\n---\n/assets/Reviews.js\n---\n><link rel=\n---\n""stylesheet\"" crossorigin=\""\""\n---\nhttps://www\n---\nlovesac.\n---\n/assets/Reviews.css\n... (-48 more)",
"https://edge.tokowaka.now/products/sactionals-deep-side-insert-standard","ac1ac7fa-cefd-49e7-9d44-f6df97c0601b","c75368ee-a10e-42c8-8f83-511494528156","Tue, 13 Jan 2026 16:20:12 GMT","Tue, 13 Jan 2026 17:40:12 GMT","[727 words]\n159\n---\n20T08\n---\n14\n---\n24\n---\n999Z\n---\n159\n---\n5191\n---\n131\n---\n131\n---\nscript src=\""https://pdpone.syfpos.com/mpp/env-config.js\""></script><\n---\nlink id=\""dns-prefetch\"" rel=\""dns-prefetch\"" href=\""https://widgets.syfpayments.com\""><link id=\""preconnect\"" rel=\""preconnect\"" href=\""https://widgets.syfpayments.com\""><\n---\nwidgets\n---\nsyfpayments\n---\nsyf\n---\nwidget\n---\n?partnerId=PI20013066&amp;productCategoryNames=&amp;offerNumber=&amp;processInd=undefined&amp;cid=unifitest&amp;syfPlatform=&amp;flowType=PDP\n---\nlink rel=\""stylesheet\"" href=\""https://use.typekit.net/pee8cij.css\""><script async=\""\"" src=\""https://www.lovesac.com/pt/c/lovesac/start\""></script><\n---\nffffff\n---\n0c0c14\n---\ne5e5e9\n... (+707 more)","[641 words]\n198.75\n---\n13T08\n---\n15\n---\n23\n---\n167Z\n---\n198.75\n---\n5317\n---\n126\n---\n126\n---\npdpone\n---\nsyfpos\n---\nmpp/env\n---\nconfig\n---\nFFFFFF\n---\n0C0C14\n---\nE5E5E9\n---\nFFFFFF\n---\nFFFFFF\n---\n4A4AF4\n---\n8px\n... (-621 more)",
"https://edge.tokowaka.now/products/sactionals-deep-side-insert-standard","c75368ee-a10e-42c8-8f83-511494528156","dfc62215-eaa5-48c2-bf5e-aaf63ab4eb7c","Tue, 13 Jan 2026 17:40:12 GMT","Wed, 14 Jan 2026 04:20:10 GMT",,,"Missing HTML for to_request_id"
"https://edge.tokowaka.now/products/sactionals-deep-side-insert-standard","dfc62215-eaa5-48c2-bf5e-aaf63ab4eb7c","7131c8eb-8fc0-465f-bc8a-a34038ff4986","Wed, 14 Jan 2026 04:20:10 GMT","Thu, 15 Jan 2026 09:24:05 GMT",,,"Missing HTML for from_request_id"
"https://edge.tokowaka.now/products/sactionals-deep-side-insert-standard","7131c8eb-8fc0-465f-bc8a-a34038ff4986","5994b486-4b3a-47ea-a442-b78745d7ff3f","Thu, 15 Jan 2026 09:24:05 GMT","Sat, 17 Jan 2026 00:00:14 GMT","[12 words]\n06T08\n---\n14\n---\n12\n---\n888Z\n---\n[href*=\""uselnk.com/\""],\n[href*=\""postlnk.com\""],\n[href*=\""passtechusa.com\""] { display\n---\nnone !important; }</style><style>:\n---\n=\""https://t.me/Russia_Vs_Ukraine_War3\""],\n[href\n---\nna[href^=\""https://www.mrskin.com/account/\""],\\n... (+4 more)","[11 words]\n13T08\n---\n15\n---\n23\n---\n167Z\n---\nstyle>[href=\""https:\n---\n/t.me/Russia_Vs_Ukraine_War3\""],\n[href*=\""uselnk.com/\""],\na[href^=\""https://www.mrskin.com/account/\""],\n[href*=\""postlnk.com\""],\n[href*=\""passtechusa.com\""] { display: none !important; }</style></\n... (-5 more)",
"https://edge.tokowaka.now/products/sactionals-deep-side-insert-standard","5994b486-4b3a-47ea-a442-b78745d7ff3f","39132a17-659e-405a-8fdd-3c3bc6f7030e","Sat, 17 Jan 2026 00:00:14 GMT","Mon, 19 Jan 2026 00:00:17 GMT",,,"Missing HTML for to_request_id"
"https://edge.tokowaka.now/products/sactionals-deep-side-insert-standard","39132a17-659e-405a-8fdd-3c3bc6f7030e","d1f333aa-0874-4f70-a631-0a60e4a1a98e","Mon, 19 Jan 2026 00:00:17 GMT","Tue, 20 Jan 2026 08:15:09 GMT",,,"Missing HTML for from_request_id"
"https://edge.tokowaka.now/products/sactionals-deep-side-insert-standard","d1f333aa-0874-4f70-a631-0a60e4a1a98e","e4905b17-46d8-41e3-a512-12571356b1d1","Tue, 20 Jan 2026 08:15:09 GMT","Wed, 21 Jan 2026 02:45:10 GMT",,,"Missing HTML for to_request_id"
"https://edge.tokowaka.now/products/sactionals-deep-side-insert-standard","e4905b17-46d8-41e3-a512-12571356b1d1","7ea7f24e-f8fd-47fb-a2b3-3eb82231285d","Wed, 21 Jan 2026 02:45:10 GMT","Thu, 22 Jan 2026 00:00:12 GMT",,,"Missing HTML for from_request_id"
"https://edge.tokowaka.now/products/sactionals-deep-side-insert-standard","7ea7f24e-f8fd-47fb-a2b3-3eb82231285d","8940c57f-e1c8-4051-951f-8ca612e99be9","Thu, 22 Jan 2026 00:00:12 GMT","Thu, 22 Jan 2026 14:43:11 GMT","[26 words]\n5426\n---\n129\n---\n129\n---\nscript src=\""https://pdpone.syfpos.com/mpp/env-config.js\""></script><\n---\nFFFFFF\n---\n0C0C14\n---\nE5E5E9\n---\nFFFFFF\n---\nFFFFFF\n---\n4A4AF4\n---\neyJ2ZXJzaW9uIjozLCJzb3VyY2VzIjpbIndlYnBhY2s6Ly8uL3NyYy9zdHlsZXMvaW5saW5lLnNjc3MiXSwibmFtZXMiOltdLCJtYXBwaW5ncyI6IkFBQUEsTUFBTSxtREFBbUQsQ0FBQyw0RUFBNEUsQ0FBQyw4RUFBOEUsQ0FBQywwRUFBMEUsQ0FBQyw0RUFBNEUs...\n---\nlink rel=\""modulepreload\"" as=\""script\"" crossorigin=\""\"" href=\""https://www.lovesac.com/assets/enhancements.js\""><link rel=\""stylesheet\"" crossorigin=\""\"" href=\""https://www.lovesac.com/assets/enhanc...\n---\n130\n---\n130\n---\n130\n---\n13\n---\n13\n---\n13\n... (+8 more)","[25 words]\n5462\n---\n130\n---\n130\n---\nscript src=\""https://pdpone.syfpos.com/mpp/env-config.js\""></script><\n---\nffffff\n---\n0c0c14\n---\ne5e5e9\n---\nffffff\n---\nffffff\n---\n4a4af4\n---\neyJ2ZXJzaW9uIjozLCJzb3VyY2VzIjpbIndlYnBhY2s6Ly8uL3NyYy9zdHlsZXMvaW5saW5lLnNjc3MiXSwibmFtZXMiOltdLCJtYXBwaW5ncyI6IkFBQUEsTUFBTSxtREFBbUQsQ0FBQyw0RUFBNEUsQ0FBQyw4RUFBOEUsQ0FBQywwRUFBMEUsQ0FBQyw0RUFBNEUs...\n---\nrel=\""modulepreload\"" as=\""script\"" crossorigin=\""\"" href=\""https://www.lovesac.com/assets/enhancements.js\""><link rel=\""stylesheet\"" crossorigin=\""\"" href=\""https://www.lovesac.com/assets/enhancement...\n---\n131\n---\n131\n---\n131\n---\n14\n---\n14\n---\n14\n... (-7 more)",
"https://edge.tokowaka.now/products/sactionals-deep-side-insert-standard","8940c57f-e1c8-4051-951f-8ca612e99be9","a4c0bae1-d0f4-4a63-bd24-10654d10bfa7","Thu, 22 Jan 2026 14:43:11 GMT","Thu, 22 Jan 2026 16:05:09 GMT","[49 words]\n5191\n---\n131\n---\n131\n---\nlink rel=\""modulepreload\"" as=\""\n---\n\"" crossorigin\n---\n\"" href=\""\n---\nwww\n---\nlovesac\n---\nassets\n---\nblocks/reviews\n---\nReviews.js\""><link rel=\""stylesheet\"" crossorigin=\""\"" href=\""https://www.lovesac.com/assets/Reviews.css\""><link rel=\""stylesheet\"" crossorigin=\""\"" href=\""https://www.lovesac.com/assets/\n---\ncss\n---\nenhancements\n---\nenhancements\n---\nscript src=\""https://pdpone.syfpos.com/mpp/env-config.js\""></script><\n---\nhref\n---\nhttps://use.typekit.net/pee8cij.css\n---\n><script async\n---\n\"" src=\""\n---\npt\n... (+29 more)","[50 words]\n5426\n---\n129\n---\n129\n---\nsrc\n---\npdpone\n---\nsyfpos\n---\nmpp\n---\nenv-config\n---\n/script><\n---\njs\n---\nReviews\n---\nReviews\n---\ncrossorigin\n---\nhref\n---\nassets\n---\nblocks\n---\nreviews.css\n---\nFFFFFF\n---\n0C0C14\n---\nE5E5E9\n... (-30 more)",
"https://edge.tokowaka.now/products/sactionals-deep-side-insert-standard","a4c0bae1-d0f4-4a63-bd24-10654d10bfa7","a54956d1-1720-453a-b2f5-59f77c7e4013","Thu, 22 Jan 2026 16:05:09 GMT","Thu, 22 Jan 2026 20:35:21 GMT","[26 words]\nrel=\""modulepreload\"" as=\""script\"" crossorigin=\""\"" href=\""https://www.lovesac.com/assets/enhancements.js\""><link rel=\""stylesheet\"" crossorigin=\""\"" href=\""https://www.lovesac.com/assets/enhancement...\n---\nlink rel=\""stylesheet\""\n---\nuse\n---\ntypekit.net\n---\npee8cij.css\n---\n><script async\n---\nsrc\n---\nlovesac\n---\npt\n---\nc/lovesac/start\n---\n></script><style>[href*=\""uselnk.com/\""\n---\nstyle>[href=\""https:\n---\n/t.me/Russia_Vs_Ukraine_War3\""],\n[href*=\""uselnk.com/\""],\na[href^=\""https://www.mrskin.com/account/\""],\n[href*=\""postlnk.com\""],\n[href*=\""passtechusa.com\""] { display: none !important; }</style></\n... (+13 more)","[23 words]\nlink rel=\""modulepreload\"" as=\""\n---\n\"" crossorigin=\""\"" href=\""https://www.lovesac.com/assets/enhancements.js\""><link rel=\""stylesheet\"" crossorigin=\""\"" href=\""https://www.lovesac.com/assets/enhancements.css\""><script\n---\nlink rel=\""stylesheet\"" href=\""https://use.typekit.net/pee8cij.css\""><script async=\""\"" src=\""https://www.lovesac.com/pt/c/lovesac/start\""></script><\n---\nstyle>[\n---\nt\n---\nme\n---\nRussia_Vs_Ukraine_War3\n---\n],\n[href*\n---\nuselnk.com/\n---\n],\na[href^\n---\nmrskin\n---\naccount\n... (-11 more)",
"https://edge.tokowaka.now/products/sactionals-deep-seat-insert-set-standard","6074af14-d575-42bf-9018-9752ae80f993","3008ff77-bcf9-4df7-b18d-4732350bf23a","Tue, 06 Jan 2026 11:40:19 GMT","Sat, 10 Jan 2026 05:30:16 GMT",,,"Missing HTML for to_request_id"
"https://edge.tokowaka.now/products/sactionals-deep-seat-insert-set-standard","3008ff77-bcf9-4df7-b18d-4732350bf23a","9c090a04-53ac-47bf-b755-a33cad00ef32","Sat, 10 Jan 2026 05:30:16 GMT","Tue, 13 Jan 2026 08:25:10 GMT",,,"Missing HTML for from_request_id"
"https://edge.tokowaka.now/products/sactionals-deep-seat-insert-set-standard","9c090a04-53ac-47bf-b755-a33cad00ef32","d9cf413e-7d59-47c9-8b2e-586e178e9d55","Tue, 13 Jan 2026 08:25:10 GMT","Wed, 14 Jan 2026 04:20:10 GMT","[249 words]\n306\n---\n20T08\n---\n21\n---\n20\n---\n106Z\n---\n306\n---\n4382\n---\n89\n---\n89\n---\nlink rel=\""modulepreload\"" as=\""\n---\n\"" crossorigin=\""\"" href=\""https://www.lovesac.com/assets/blocks/reviews.js\""><link rel=\""modulepreload\"" as=\""script\"" crossorigin=\""\"" href=\""https://www.lovesac.com/assets/Reviews.js\""><link rel=\""...\n---\nffffff\n---\n0c0c14\n---\ne5e5e9\n---\nffffff\n---\nffffff\n---\n4a4af4\n---\n.5rem\n---\n1rem\n---\n3rem\n... (+229 more)","[209 words]\n382.5\n---\n13T08\n---\n23\n---\n32\n---\n574Z\n---\n382.5\n---\n4318\n---\n88\n---\n88\n---\nFFFFFF\n---\n0C0C14\n---\nE5E5E9\n---\nFFFFFF\n---\nFFFFFF\n---\n4A4AF4\n---\n8px\n---\n16px\n---\n48px\n---\n0px 24px\n---\n42px\n... (-189 more)",
"https://edge.tokowaka.now/products/sactionals-deep-seat-insert-set-standard","d9cf413e-7d59-47c9-8b2e-586e178e9d55","35394cac-f71a-4f4f-a86f-c102658b88ff","Wed, 14 Jan 2026 04:20:10 GMT","Thu, 15 Jan 2026 09:24:05 GMT","[155 words]\n382.5\n---\n06T08\n---\n22\n---\n29\n---\n732Z\n---\n382.5\n---\n4318\n---\n88\n---\n88\n---\nlink rel=\""modulepreload\"" as=\""\n---\n\"" crossorigin=\""\"" href=\""https://www.lovesac.com/assets/enhancements.js\""><link rel=\""stylesheet\"" crossorigin=\""\"" href=\""https://www.lovesac.com/assets/enhancements.css\""><script\n---\nFFFFFF\n---\n0C0C14\n---\nE5E5E9\n---\nFFFFFF\n---\nFFFFFF\n---\n4A4AF4\n---\n8px\n---\n16px\n---\n48px\n... (+135 more)","[205 words]\n306\n---\n20T08\n---\n21\n---\n20\n---\n106Z\n---\n306\n---\n4382\n---\n89\n---\n89\n---\nffffff\n---\n0c0c14\n---\ne5e5e9\n---\nffffff\n---\nffffff\n---\n4a4af4\n---\n.5rem\n---\n1rem\n---\n3rem\n---\n0 1.5rem\n---\n2.625rem\n... (-185 more)",
"https://edge.tokowaka.now/products/sactionals-deep-seat-insert-set-standard","35394cac-f71a-4f4f-a86f-c102658b88ff","0ca238af-40bf-4bfc-aaf9-0628768adef4","Thu, 15 Jan 2026 09:24:05 GMT","Fri, 16 Jan 2026 21:45:19 GMT","[9 words]\n13T08\n---\n23\n---\n32\n---\n574Z\n---\nuselnk.com/\""],\n[href*=\""\n---\n3\n---\n3\n---\n1\n---\n1","[8 words]\n06T08\n---\n22\n---\n29\n---\n732Z\n---\n2\n---\n2\n---\n0\n---\n0",
"https://edge.tokowaka.now/products/sactionals-deep-seat-insert-set-standard","0ca238af-40bf-4bfc-aaf9-0628768adef4","a2f25995-57a9-42db-a356-b47d54b1dfb4","Fri, 16 Jan 2026 21:45:19 GMT","Tue, 20 Jan 2026 08:25:10 GMT","[121 words]\n404 Not Found\n---\nPage not found\n---\nrobots\n---\nnoindex\n---\nviewport\n---\nwidth=device\n---\nwidth, initial\n---\nscale\n---\n1\n---\ntheme\n---\ncolor\n---\n#56585a\n---\nmain\n---\nmain\n---\nenhancements\n---\nenhancements\n---\nlink rel\n---\nstylesheet\n---\nhref\n---\nuse\n... (+101 more)","[7262 words]\nSactionals Deep Seat Insert Set: Standard\n---\nlink rel=\""canonical\"" href=\""https://www.lovesac.com/products/sactionals-deep-seat-insert-set-standard\"">\n    <\n---\nname=\""description\"" content=\""Includes: Sactionals Seat Frame Insert, Seat Cushion Insert, Deep Back Pillow Insert\"">\n    <meta\n---\nLovesac - Sactionals Deep Seat Insert Set: Standard\n---\nproperty=\""og:description\"" content=\""Includes: Sactionals Seat Frame Insert, Seat Cushion Insert, Deep Back Pillow Insert\"">\n    <meta property=\""og:url\"" content=\""https://www.lovesac.com/products/...\n---\ntwitter:card\n---\nsummary_large_image\n---\ntwitter:title\"" content=\""Lovesac - Sactionals Deep Seat Insert Set: Standard\"">\n    <meta name=\""twitter:description\"" content=\""Includes: Sactionals Seat Frame Insert, Seat Cushion Insert, Deep Bac...\n---\nrobots\n---\nmax\n---\nimage\n---\npreview:large\"">\n    <meta property\n---\np:domain_verify\"" content=\""fZ0MpGDolDqQQgSwkS1HRDbFaQyzDPgu\""\n---\nproperty=\""og:type\"" content=\""product\"">\n    <meta property=\""product:availability\"" content=\""instock\"">\n    <meta property=\""product:price:amount\"" content=\""382.5\"">\n    <meta property=\""produc...\n---\nlast\n---\nmodified\n---\n2026-01-13T08:23:32.574Z\n---\nmeta name=\""breadcrumbs\"" content=\""true\"">\n    <\n---\nasync=\""\"" src=\""https://cdn1.affirm.com/js/v2/affirm.js\""></script><script\n---\napplication/ld+json\"">{\n  \""@context\"": \""http://schema.org/\"",\n  \""@type\"": \""Product\"",\n  \""@id\"": \""https://www.lovesac.com/products/sactionals-deep-seat-insert-set-standard\"",\n  \""sku\"": \""GJ4...\n... (-7242 more)",
"https://edge.tokowaka.now/products/sactionals-deep-seat-insert-set-standard","a2f25995-57a9-42db-a356-b47d54b1dfb4","ffd26a11-8d59-4704-9a89-35d088f8b164","Tue, 20 Jan 2026 08:25:10 GMT","Wed, 21 Jan 2026 02:45:10 GMT","[7305 words]\nSactionals Deep Seat Insert Set: Standard\n---\nlink rel=\""canonical\"" href=\""https://www.lovesac.com/products/sactionals-deep-seat-insert-set-standard\"">\n    <\n---\nname=\""description\"" content=\""Includes: Sactionals Seat Frame Insert, Seat Cushion Insert, Deep Back Pillow Insert\"">\n    <meta\n---\nLovesac - Sactionals Deep Seat Insert Set: Standard\n---\nproperty=\""og:description\"" content=\""Includes: Sactionals Seat Frame Insert, Seat Cushion Insert, Deep Back Pillow Insert\"">\n    <meta property=\""og:url\"" content=\""https://www.lovesac.com/products/...\n---\ntwitter:card\n---\nsummary_large_image\n---\ntwitter:title\"" content=\""Lovesac - Sactionals Deep Seat Insert Set: Standard\"">\n    <meta name=\""twitter:description\"" content=\""Includes: Sactionals Seat Frame Insert, Seat Cushion Insert, Deep Bac...\n---\nrobots\n---\nmax\n---\nimage\n---\npreview:large\"">\n    <meta property\n---\np:domain_verify\"" content=\""fZ0MpGDolDqQQgSwkS1HRDbFaQyzDPgu\""\n---\nproperty=\""og:type\"" content=\""product\"">\n    <meta property=\""product:availability\"" content=\""instock\"">\n    <meta property=\""product:price:amount\"" content=\""306\"">\n    <meta property=\""product:...\n---\nlast\n---\nmodified\n---\n2026-01-20T08:21:20.106Z\n---\nmeta name=\""breadcrumbs\"" content=\""true\"">\n    <\n---\nasync=\""\"" src=\""https://cdn1.affirm.com/js/v2/affirm.js\""></script><script\n---\napplication/ld+json\"">{\n  \""@context\"": \""http://schema.org/\"",\n  \""@type\"": \""Product\"",\n  \""@id\"": \""https://www.lovesac.com/products/sactionals-deep-seat-insert-set-standard\"",\n  \""sku\"": \""GJ4...\n... (+7285 more)","[121 words]\n404 Not Found\n---\nPage not found\n---\nrobots\n---\nnoindex\n---\nviewport\n---\nwidth=device\n---\nwidth, initial\n---\nscale\n---\n1\n---\ntheme\n---\ncolor\n---\n#56585a\n---\nmain\n---\nmain\n---\nenhancements\n---\nenhancements\n---\nlink rel\n---\nstylesheet\n---\nhref\n---\nuse\n... (-101 more)",
"https://edge.tokowaka.now/products/sactionals-deep-seat-insert-set-standard","ffd26a11-8d59-4704-9a89-35d088f8b164","3e7e8dac-c62e-4f2d-bc0e-139d5d8eb6f3","Wed, 21 Jan 2026 02:45:10 GMT","Thu, 22 Jan 2026 00:00:12 GMT","[955 words]\n4382\n---\n89\n---\n89\n---\nlink rel\n---\nmodulepreload\n---\nas=\n---\n""script\"" crossorigin=\""\""\n---\nhttps://www\n---\nlovesac.\n---\n/assets/enhancements.js\n---\n><link rel=\n---\n""stylesheet\"" crossorigin=\""\""\n---\nhttps://www\n---\nlovesac.\n---\n/assets/enhancements.css\n---\nffffff\n---\n0c0c14\n---\ne5e5e9\n---\nffffff\n---\nffffff\n... (+935 more)","[1578 words]\n4318\n---\n88\n---\n88\n---\nstyle>[href*\n---\nuselnk.com/\n---\n],\n---\nn[\n---\n*\n---\npostlnk\n---\n],\n---\nn[\n---\n*\n---\npasstechusa\n---\n] { display: none !important; }</style\n---\nFFFFFF\n---\n0C0C14\n---\nE5E5E9\n---\nFFFFFF\n---\nFFFFFF\n---\n4A4AF4\n... (-1558 more)",
"https://edge.tokowaka.now/products/sactionals-deep-seat-insert-set-standard","3e7e8dac-c62e-4f2d-bc0e-139d5d8eb6f3","56b09941-f9aa-4ce8-8ff0-8da2d8c36064","Thu, 22 Jan 2026 00:00:12 GMT","Thu, 22 Jan 2026 14:43:11 GMT","[1588 words]\n382.5\n---\n13T08\n---\n23\n---\n32\n---\n574Z\n---\n382.5\n---\n4318\n---\n88\n---\n88\n---\nFFFFFF\n---\n0C0C14\n---\nE5E5E9\n---\nFFFFFF\n---\nFFFFFF\n---\n4A4AF4\n---\n8px\n---\n16px\n---\n48px\n---\n0px 24px\n---\n42px\n... (+1568 more)","[968 words]\n306\n---\n20T08\n---\n21\n---\n20\n---\n106Z\n---\n306\n---\n4382\n---\n89\n---\n89\n---\nlink rel=\""modulepreload\"" as=\""\n---\n\"" crossorigin=\""\"" href=\""https://www.lovesac.com/assets/enhancements.js\""><link rel=\""stylesheet\"" crossorigin=\""\"" href=\""https://www.lovesac.com/assets/enhancements.css\""><script\n---\nffffff\n---\n0c0c14\n---\ne5e5e9\n---\nffffff\n---\nffffff\n---\n4a4af4\n---\n.5rem\n---\n1rem\n---\n3rem\n... (-948 more)",
"https://edge.tokowaka.now/holiday-furniture-sales","9ba91708-4715-4f35-9359-5f8734f59e43","307baa15-4a65-425a-8b8a-076fb68bb928","Tue, 06 Jan 2026 11:40:19 GMT","Mon, 12 Jan 2026 09:00:07 GMT",,,"Missing HTML for from_request_id"
"https://edge.tokowaka.now/holiday-furniture-sales","307baa15-4a65-425a-8b8a-076fb68bb928","1081f9d0-2c73-48ce-94ec-45a8d2f25849","Mon, 12 Jan 2026 09:00:07 GMT","Fri, 16 Jan 2026 11:46:57 GMT","[32 words]\nmedia_13509d1325a73a4aa73286a41d05e1753a50ca7a6\n---\nmedia_13509d1325a73a4aa73286a41d05e1753a50ca7a6\n---\nmedia_13509d1325a73a4aa73286a41d05e1753a50ca7a6\n---\n19T14\n---\n03\n---\n16\n---\n181Z\n---\n19T14\n---\n03\n---\n02\n---\n295Z\n---\nstyle>[href*=\""postlnk.com\""],\n[href*=\""passtechusa.com\""] { display: none !important; }</style><\n---\n16\n---\n19\n---\n16\n---\n19\n---\n16\n---\n19\n---\n16\n---\n19\n... (+12 more)","[37 words]\nmedia_10d7d5d82e147a721d0be01d2291d0555d18877af\n---\nmedia_10d7d5d82e147a721d0be01d2291d0555d18877af\n---\nmedia_10d7d5d82e147a721d0be01d2291d0555d18877af\n---\n21T17\n---\n17\n---\n30\n---\n614Z\n---\n21T17\n---\n17\n---\n23\n---\n479Z\n---\nstyle>[href*=\""postlnk.com\""],\n[href*=\""passtechusa.com\""] { display: none !important; }</style><\n---\nstyle>[href*=\""uselnk.com/\""],\n[href*=\""postlnk.com\""],\n[href*=\""passtechusa.com\""] { display: none !important; }</style><\n---\n20\n---\n25\n---\n20\n---\n25\n---\n20\n---\n25\n---\n20\n... (-17 more)",
"https://edge.tokowaka.now/holiday-furniture-sales","1081f9d0-2c73-48ce-94ec-45a8d2f25849","3fe520e4-119b-4032-9db1-2b063bb602b9","Fri, 16 Jan 2026 11:46:57 GMT","Mon, 19 Jan 2026 14:03:17 GMT","[27 words]\nmedia_1af52b2f75fc95a48e11c28f8c63e9bea2c05c2a9\n---\nmedia_1af52b2f75fc95a48e11c28f8c63e9bea2c05c2a9\n---\nmedia_1af52b2f75fc95a48e11c28f8c63e9bea2c05c2a9\n---\n16T11\n---\n46\n---\n56\n---\n659Z\n---\n16T11\n---\n46\n---\n33\n---\n283Z\n---\nmedia_1af52b2f75fc95a48e11c28f8c63e9bea2c05c2a9\n---\nmedia_1af52b2f75fc95a48e11c28f8c63e9bea2c05c2a9\n---\nmedia_1af52b2f75fc95a48e11c28f8c63e9bea2c05c2a9\n---\nmedia_1af52b2f75fc95a48e11c28f8c63e9bea2c05c2a9\n---\nfit=bounds&amp;format=jpeg&amp;optimize=medium&amp;height=191&amp;width=300\"" width=\""300\""></picture></span><span class=\""Products__name \"">6 Seats + 8 Sides</span></a><span class=\""Products__priceWr...\n... (+11 more)","[26 words]\nmedia_13509d1325a73a4aa73286a41d05e1753a50ca7a6\n---\nmedia_13509d1325a73a4aa73286a41d05e1753a50ca7a6\n---\nmedia_13509d1325a73a4aa73286a41d05e1753a50ca7a6\n---\n19T14\n---\n03\n---\n16\n---\n181Z\n---\n19T14\n---\n03\n---\n02\n---\n295Z\n---\nstyle>[href*=\""uselnk.com/\""],\n[href*=\""postlnk.com\""],\n[href*=\""passtechusa.com\""] { display: none !important; }</style><style>[href*=\""uselnk.com/\""],\n[href*=\""postlnk.com\""],\n[href*=\""passtechu...\n---\nmedia_13509d1325a73a4aa73286a41d05e1753a50ca7a6\n---\nmedia_13509d1325a73a4aa73286a41d05e1753a50ca7a6\n---\nmedia_13509d1325a73a4aa73286a41d05e1753a50ca7a6\n---\nmedia_13509d1325a73a4aa73286a41d05e1753a50ca7a6\n... (-10 more)",
"https://edge.tokowaka.now/holiday-furniture-sales","3fe520e4-119b-4032-9db1-2b063bb602b9","ecaa6178-8b18-4040-8011-3b67c74aaccf","Mon, 19 Jan 2026 14:03:17 GMT","Tue, 20 Jan 2026 12:38:42 GMT","[4745 words]\nmedia_136eeea4dfaac4dd3b93dda770531209a3f0b80ed\n---\nmedia_136eeea4dfaac4dd3b93dda770531209a3f0b80ed\n---\nBig Game Event. One Week Only. Up to 30\n---\n+ 24-Month Promotional Financing\n---\nmedia_136eeea4dfaac4dd3b93dda770531209a3f0b80ed\n---\n12T09\n---\n00\n---\n05\n---\n181Z\n---\n12T09\n---\n00\n---\n01\n---\n804Z\n---\n43\n---\n5sst1dst7ssd1dsd_6ST_1424\n---\n5sst1dst7ssd1dsd_6ST_1424\n---\n6\n---\n8\n---\n5\n---\ndeep\n... (+4725 more)","[4236 words]\nmedia_1af52b2f75fc95a48e11c28f8c63e9bea2c05c2a9\n---\nmedia_1af52b2f75fc95a48e11c28f8c63e9bea2c05c2a9\n---\n40\n---\nEverything Sale\n---\nmedia_1af52b2f75fc95a48e11c28f8c63e9bea2c05c2a9\n---\n16T11\n---\n46\n---\n56\n---\n659Z\n---\n16T11\n---\n46\n---\n33\n---\n283Z\n---\n51\n---\n3sst1stst5ssd_1424\n---\n3sst1stst5ssd_1424\n---\n4\n---\n5\n---\n3\n---\nstorage\n... (-4216 more)",
"https://edge.tokowaka.now/holiday-furniture-sales","ecaa6178-8b18-4040-8011-3b67c74aaccf","fe2a0c6d-64b8-48c9-a908-0e7943ffc47a","Tue, 20 Jan 2026 12:38:42 GMT","Wed, 21 Jan 2026 17:17:32 GMT","[4248 words]\nmedia_11650c822df589595bb7d5f5cf37ab4d13dd1c243\n---\nmedia_11650c822df589595bb7d5f5cf37ab4d13dd1c243\n---\n40\n---\nEverything Sale\n---\nmedia_11650c822df589595bb7d5f5cf37ab4d13dd1c243\n---\n20T12\n---\n38\n---\n40\n---\n349Z\n---\n20T12\n---\n38\n---\n33\n---\n576Z\n---\n51\n---\n3sst1stst5ssd_1424\n---\n3sst1stst5ssd_1424\n---\n4\n---\n5\n---\n3\n---\nstorage\n... (+4228 more)","[4750 words]\nmedia_136eeea4dfaac4dd3b93dda770531209a3f0b80ed\n---\nmedia_136eeea4dfaac4dd3b93dda770531209a3f0b80ed\n---\nBig Game Event. One Week Only. Up to 30\n---\n+ 24-Month Promotional Financing\n---\nmedia_136eeea4dfaac4dd3b93dda770531209a3f0b80ed\n---\n12T09\n---\n00\n---\n05\n---\n181Z\n---\n12T09\n---\n00\n---\n01\n---\n804Z\n---\n43\n---\n5sst1dst7ssd1dsd_6ST_1424\n---\n5sst1dst7ssd1dsd_6ST_1424\n---\n6\n---\n8\n---\n5\n---\ndeep\n... (-4730 more)",
"https://edge.tokowaka.now/holiday-furniture-sales","fe2a0c6d-64b8-48c9-a908-0e7943ffc47a","60d50650-7680-45b1-8065-8a149ef0fdb2","Wed, 21 Jan 2026 17:17:32 GMT","Thu, 22 Jan 2026 16:12:27 GMT","[6265 words]\nmedia_10d7d5d82e147a721d0be01d2291d0555d18877af\n---\nmedia_10d7d5d82e147a721d0be01d2291d0555d18877af\n---\nmedia_10d7d5d82e147a721d0be01d2291d0555d18877af\n---\n22T16\n---\n12\n---\n24\n---\n983Z\n---\n22T16\n---\n12\n---\n12\n---\n887Z\n---\nstyle>[href*=\""postlnk.com\""],\n[href*=\""passtechusa.com\""] { display: none !important; }</style><\n---\n39\n---\n]}</script><style>[href*=\n---\nuselnk.com/\n---\n],\n---\nn[href*=\\n---\npostlnk.com\n---\n]\n---\nn[href*=\\n... (+6245 more)","[7453 words]\nmedia_11650c822df589595bb7d5f5cf37ab4d13dd1c243\n---\nmedia_11650c822df589595bb7d5f5cf37ab4d13dd1c243\n---\nmedia_11650c822df589595bb7d5f5cf37ab4d13dd1c243\n---\n20T12\n---\n38\n---\n40\n---\n349Z\n---\n20T12\n---\n38\n---\n33\n---\n576Z\n---\nstyle>[href*=\""postlnk.com\""],\n[href*=\""passtechusa.com\""] { display: none !important; }</style><\n---\n51\n---\n,{\n---\n@type\n---\n:\n---\nListItem\n---\nposition\n---\n40,\n---\nitem\n... (-7433 more)",
"https://edge.tokowaka.now/help-center","fc06192b-9aa7-4bb7-ab78-a574b7f10bea","a4c61ad0-4461-40d7-a8e4-cddd15e6b24f","Tue, 06 Jan 2026 11:40:19 GMT","Thu, 15 Jan 2026 09:24:05 GMT",,,"Missing HTML for from_request_id"
"https://edge.tokowaka.now/help-center","a4c61ad0-4461-40d7-a8e4-cddd15e6b24f","de319a7c-6f2d-4b1c-b93c-b1b18d5b18c7","Thu, 15 Jan 2026 09:24:05 GMT","Thu, 22 Jan 2026 14:43:11 GMT","[3 words]\nscript async=\""\"" src=\""https://cdn.gladly.com/help-center/hcl.js\""></script><\n... (+2 more)","[3 words]\nscript async=\""\"" src=\""https://cdn.gladly.com/help-center/hcl.js\""></script><\n... (-2 more)",
"https://edge.tokowaka.now/heroes","f3d816db-3320-49f8-993e-9a8961eaf51f","5d1d36b4-e4c4-4f3b-936c-ebbaa72994d2","Tue, 06 Jan 2026 11:40:19 GMT","Thu, 15 Jan 2026 09:24:05 GMT",,,"Missing HTML for to_request_id"
"https://edge.tokowaka.now/heroes","5d1d36b4-e4c4-4f3b-936c-ebbaa72994d2","bf6ecb48-ef58-4262-a183-4a9d5301a5d5","Thu, 15 Jan 2026 09:24:05 GMT","Thu, 22 Jan 2026 14:43:11 GMT",,,"Missing HTML for from_request_id"
"https://edge.tokowaka.now/know-your-fabrics","9085e33f-c595-429e-8e17-eff8828953be","09e8363f-6885-4c0a-88fb-32cda7b30de1","Tue, 06 Jan 2026 11:40:19 GMT","Thu, 15 Jan 2026 09:24:05 GMT","[6 words]\nstyle>[href*=\""postlnk.com\""],\n[href*=\""passtechusa.com\""] { display: none !important; }</style><\n... (+5 more)","[6 words]\nstyle>[href*=\""postlnk.com\""],\n[href*=\""passtechusa.com\""] { display: none !important; }</style><\n... (-5 more)",
"https://edge.tokowaka.now/know-your-fabrics","09e8363f-6885-4c0a-88fb-32cda7b30de1","2401e7fe-ec50-43eb-96de-1124cb9badc2","Thu, 15 Jan 2026 09:24:05 GMT","Thu, 22 Jan 2026 14:43:11 GMT","[6 words]\nstyle>[href*=\""postlnk.com\""],\n[href*=\""passtechusa.com\""] { display: none !important; }</style><\n... (+5 more)","[6 words]\nstyle>[href*=\""postlnk.com\""],\n[href*=\""passtechusa.com\""] { display: none !important; }</style><\n... (-5 more)",
"https://edge.tokowaka.now/learn-about-sactionals","98f8bfc4-b0c6-4e4a-9796-fc570dce1f71","86ad1c50-bfca-4557-9345-45f29a35110e","Tue, 06 Jan 2026 11:40:19 GMT","Fri, 16 Jan 2026 09:01:47 GMT",,,"Missing HTML for to_request_id"
"https://edge.tokowaka.now/learn-about-sactionals","86ad1c50-bfca-4557-9345-45f29a35110e","8f88942d-a3b2-4b7b-9e9e-0651ea43298f","Fri, 16 Jan 2026 09:01:47 GMT","Thu, 22 Jan 2026 14:43:11 GMT",,,"Missing HTML for from_request_id"
"https://edge.tokowaka.now/sacs-learn","e6080923-90dc-433b-a6b1-dacd38ff9d80","5173ba5d-45b8-4db0-bc5c-7b879ac01e75","Tue, 06 Jan 2026 11:40:19 GMT","Fri, 16 Jan 2026 09:02:07 GMT","[799 words]\nstyle>[href*=\""uselnk.com/\""],\n[href*=\""postlnk.com\""],\n[href*=\""passtechusa.com\""] { display: none !important; }</style><\n---\n16\n---\n19\n---\n16\n---\n19\n---\n16\n---\n19\n---\n16\n---\n19\n---\n4484\n---\n4484\n---\n4484\n---\nD\n---\nDRDallas\n---\n9\n---\nFill\n---\nStandard Foam</span></div><div><span class=\""Reviews__Review__attributeLabel\"">\n---\n:\n---\nspan class=\""Reviews__Review__attributeValue\"">Basement<\n---\nspan></\n... (+779 more)","[661 words]\nstyle>[href*=\""uselnk.com/\""],\n[href*=\""postlnk.com\""],\n[href*=\""passtechusa.com\""] { display: none !important; }</style><\n---\n20\n---\n25\n---\n20\n---\n25\n---\n20\n---\n25\n---\n20\n---\n25\n---\n4510\n---\n4510\n---\n4510\n---\nA\n---\nAaron R\n---\n19\n---\nRoom\n---\nLiving\n---\nPet-friendly, Adaptability,\n---\n, Style, Washability\n---\nGorgeous color and great texture\n... (-641 more)",
"https://edge.tokowaka.now/sacs-learn","5173ba5d-45b8-4db0-bc5c-7b879ac01e75","6f34b970-4732-4519-9cc0-15faa5aad058","Fri, 16 Jan 2026 09:02:07 GMT","Thu, 22 Jan 2026 14:43:11 GMT","[628 words]\n20\n---\n25\n---\n20\n---\n25\n---\n20\n---\n25\n---\n20\n---\n25\n---\n4514\n---\n4514\n---\n4514\n---\nA\n---\nADC\n---\n20\n---\nBedroom\n---\nKid-friendly, Technology, Pet-friendly, Adaptability,\n---\n, Durability, Style, Washability\n---\nLoving the Pillowsac Chair Jr.\n---\nIt'\n---\nan amazing elegant addition to our bedroom\n... (+608 more)","[813 words]\n16\n---\n19\n---\n16\n---\n19\n---\n16\n---\n19\n---\n16\n---\n19\n---\n4484\n---\n4484\n---\n4484\n---\nD\n---\nDRDallas\n---\n9\n---\nFill:</span><span class=\""Reviews__Review__attributeValue\"">Standard Foam</span></div><div><span class=\""Reviews__Review__attributeLabel\"">\n---\nBasement\n---\nHeaven!\n---\nHeaven! This chair, pillow sac thing, is my happy place. Really the comfy level almost makes me want to weep, itâ€™\n---\nlike a gentle hug of support\n---\nRe-fluffing is like a gentle work out which also makes me happy. After several months of use itâ€™s a little more broken in\n... (-793 more)",
"https://edge.tokowaka.now/sactionals-with-stealthtech-sound-charge","f08b4a60-4c09-4644-a527-7e0e61b316c8","1e47774e-8f91-47e9-9670-41ed8b87193b","Tue, 06 Jan 2026 11:40:19 GMT","Fri, 16 Jan 2026 09:01:00 GMT","[32 words]\nstyle>[href*=\""postlnk.com\""],\n[href*=\""passtechusa.com\""] { display: none !important; }</style><\n---\nstyle>[href*=\""uselnk.com/\""],\n[href*=\""postlnk.com\""],\n[href*=\""passtechusa.com\""] { display: none !important; }</style><\n---\n16\n---\n19\n---\n16\n---\n19\n---\n16\n---\n19\n---\n16\n---\n19\n---\n238\n---\n238\n---\n238\n---\n11\n---\n11\n---\n25\n---\n25\n---\n7\n---\n7\n---\n24\n... (+12 more)","[26 words]\nstyle>[href*=\""uselnk.com/\""],\n[href*=\""postlnk.com\""],\n[href*=\""passtechusa.com\""] { display: none !important; }</style><\n---\n20\n---\n25\n---\n20\n---\n25\n---\n20\n---\n25\n---\n20\n---\n25\n---\n243\n---\n243\n---\n243\n---\n12\n---\n12\n---\n26\n---\n26\n---\n8\n---\n8\n---\n25\n---\n25\n... (-6 more)",
"https://edge.tokowaka.now/sactionals-with-stealthtech-sound-charge","1e47774e-8f91-47e9-9670-41ed8b87193b","807f47c1-b02f-4a87-8cb8-69ede486ae13","Fri, 16 Jan 2026 09:01:00 GMT","Thu, 22 Jan 2026 14:43:11 GMT",,,"Missing HTML for to_request_id"
"https://edge.tokowaka.now/sactionals/covers","fe572d78-a300-4488-8484-d8c8309104bc","d740cc5b-dbd6-4c1b-b139-f8126b791673","Tue, 06 Jan 2026 11:40:19 GMT","Fri, 16 Jan 2026 09:02:53 GMT",,,"Missing HTML for from_request_id"
"https://edge.tokowaka.now/sactionals/covers","d740cc5b-dbd6-4c1b-b139-f8126b791673","da5ab62d-7ef6-48f8-9c8a-36bcd9855998","Fri, 16 Jan 2026 09:02:53 GMT","Thu, 22 Jan 2026 14:43:11 GMT","[14 words]\nstyle>[href*=\""uselnk.com/\""],\n[href*=\""postlnk.com\""],\n[href*=\""passtechusa.com\""] { display: none !important; }</style><\n---\n20\n---\n25\n---\n20\n---\n25\n---\n20\n---\n25\n---\n20\n---\n25\n... (+5 more)","[14 words]\nstyle>[href*=\""postlnk.com\""],\n[href*=\""passtechusa.com\""] { display: none !important; }</style><\n---\n16\n---\n19\n---\n16\n---\n19\n---\n16\n---\n19\n---\n16\n---\n19\n... (-5 more)",
"https://edge.tokowaka.now/sactionals/inserts","aa239ecc-79f7-48da-922c-dbf230a72bfa","3caccbe8-d772-41ef-8a0e-3f1ed217ce47","Wed, 07 Jan 2026 16:49:52 GMT","Fri, 16 Jan 2026 09:03:12 GMT","[14 words]\nstyle>[href*=\""uselnk.com/\""],\n[href*=\""postlnk.com\""],\n[href*=\""passtechusa.com\""] { display: none !important; }</style><\n---\n16\n---\n19\n---\n16\n---\n19\n---\n16\n---\n19\n---\n16\n---\n19\n... (+5 more)","[15 words]\n*\n---\nuselnk.com/\""],\n[href*=\""postlnk.com\""],\n[href*=\""passtechusa.com\""] { display: none !important; }</style><style>[href=\""\n---\n20\n---\n25\n---\n20\n---\n25\n---\n20\n---\n25\n---\n20\n---\n25\n... (-5 more)",
"https://edge.tokowaka.now/sactionals/inserts","3caccbe8-d772-41ef-8a0e-3f1ed217ce47","97706eff-716d-4b7e-85c6-a8b265eb93db","Fri, 16 Jan 2026 09:03:12 GMT","Thu, 22 Jan 2026 14:43:11 GMT","[14 words]\nstyle>[href*=\""uselnk.com/\""],\n[href*=\""postlnk.com\""],\n[href*=\""passtechusa.com\""] { display: none !important; }</style><\n---\n20\n---\n25\n---\n20\n---\n25\n---\n20\n---\n25\n---\n20\n---\n25\n... (+5 more)","[14 words]\nstyle>[href*=\""uselnk.com/\""],\n[href*=\""postlnk.com\""],\n[href*=\""passtechusa.com\""] { display: none !important; }</style><\n---\n16\n---\n19\n---\n16\n---\n19\n---\n16\n---\n19\n---\n16\n---\n19\n... (-5 more)",
"https://live.edgeoptimize.net/help-center",,"e72e7ef9-8595-4d26-aea7-e014d9d220be",,"Thu, 15 Jan 2026 09:24:05 GMT \n",,,"Only one version; HTML missing"
"https://live.edgeoptimize.net/heroes",,"b418e724-c675-4d10-9860-47666d558c52",,"Thu, 15 Jan 2026 09:24:05 GMT \n",,,"Only one version; HTML missing"
"https://live.edgeoptimize.net/holiday-furniture-sales",,"3b01c0e0-cfe7-45d8-8e91-98cfc54f106d",,"Thu, 22 Jan 2026 16:12:27 GMT \n",,,"Only one version; HTML missing"
"https://live.edgeoptimize.net/learn-about-sactionals",,"245faab7-f6cd-4d79-a16d-404c80ee9905",,"Fri, 16 Jan 2026 09:01:47 GMT \n",,,"Only one version; HTML missing"
"https://live.edgeoptimize.net/products/sactionals-deep-seat-insert-set-standard",,"3d7a13cc-840d-4204-afe6-78406e726b01",,"Thu, 22 Jan 2026 00:00:12 GMT \n",,,"Only one version; HTML missing"
"https://live.edgeoptimize.net/sactionals/covers",,"b04e3500-7a0a-422e-9b73-6e5fbc491be1",,"Fri, 16 Jan 2026 09:02:53 GMT \n",,,"Only one version; HTML missing"
